date,temperature,humidity,rainfall,solar_radiation,wind_speed,soil_moisture,PV_output,cluster,irrigation_decision,irrigation_level,irrigation_volume_L
2022-12-31,10.108,48.2635,0.0,7.176666666666667,1.1715,0.522,1.9377,2,1,medium,40
2023-01-01,9.222,50.189,0.0,9.583333333333334,1.6015,0.5215,2.5875,2,1,medium,40
2023-01-02,9.4145,54.023,0.0005,12.455,1.182,0.5205,3.36285,2,1,medium,40
2023-01-03,9.029,59.642,0.0465,11.931666666666668,1.341,0.5195000000000001,3.22155,2,1,medium,40
2023-01-04,8.5855,48.454,0.0085,12.603333333333332,1.3925,0.5185000000000001,3.4029000000000003,2,1,medium,40
2023-01-05,8.374500000000001,45.099,0.001,13.345,1.36,0.517,3.60315,2,1,medium,40
2023-01-06,8.244499999999999,58.8165,0.0155,13.393333333333333,1.322,0.5155000000000001,3.6162,2,1,medium,40
2023-01-07,8.2245,56.7565,0.0235,13.375,1.2485,0.515,3.61125,2,1,medium,40
2023-01-08,7.840000000000001,58.6625,0.036,13.255,1.6745,0.5145000000000001,3.57885,2,1,medium,40
2023-01-09,8.8585,75.4435,0.2385,11.491666666666667,1.5495,0.5135,3.10275,2,1,medium,40
2023-01-10,10.485,62.584,0.0545,13.756666666666668,1.273,0.5135,3.7143,2,1,medium,40
2023-01-11,9.6265,69.0925,0.2024999999999999,9.683333333333334,1.1545,0.513,2.6145,2,1,medium,40
2023-01-12,8.073,76.378,1.463,11.135,1.2494999999999998,0.5125,3.00645,2,1,medium,40
2023-01-13,8.9685,62.958000000000006,0.0144999999999999,13.715000000000002,1.247,0.513,3.70305,2,1,medium,40
2023-01-14,9.4425,51.0245,0.0065,14.093333333333334,1.1245,0.5125,3.8052,2,1,medium,40
2023-01-15,8.849,56.64,0.0055,13.871666666666668,1.7165,0.51,3.74535,2,1,medium,40
2023-01-16,7.5485,69.4325,0.3,13.373333333333331,1.5375,0.51,3.6108,2,1,medium,40
2023-01-17,7.121,73.074,0.7895,13.121666666666664,3.297,0.51,3.54285,0,0,none,0
2023-01-18,6.1865000000000006,84.85,5.0815,8.696666666666667,4.275,0.5135,2.3481,0,0,none,0
2023-01-19,4.736,64.4875,0.1415,15.001666666666669,2.0515,0.516,4.05045,2,1,medium,40
2023-01-20,6.065,60.8925,0.125,14.306666666666668,1.5285,0.5145000000000001,3.8628,2,1,medium,40
2023-01-21,7.184,78.5145,0.7765,11.085,1.576,0.514,2.99295,2,1,medium,40
2023-01-22,7.574,78.087,0.5155000000000001,12.331666666666663,1.5235,0.515,3.32955,2,1,medium,40
2023-01-23,5.714,69.34450000000001,0.038,14.793333333333337,1.6545,0.515,3.9942,2,1,medium,40
2023-01-24,3.004,62.472,0.0365,14.705,1.7805,0.5135,3.97035,2,1,medium,40
2023-01-25,1.7635,69.53200000000001,0.786,12.36,1.23,0.513,3.3372,2,1,medium,40
2023-01-26,2.4125,59.5765,0.4115,15.531666666666666,2.1575,0.5135,4.19355,2,1,medium,40
2023-01-27,2.2565,81.9635,5.561999999999999,8.06,2.9265,0.518,2.1762,0,0,none,0
2023-01-28,1.5035,79.713,1.9675,8.261666666666667,2.0355,0.5185000000000001,2.23065,2,1,medium,40
2023-01-29,2.8305,62.456500000000005,0.0085,14.705,1.175,0.5205,3.97035,2,1,medium,40
2023-01-30,3.0675,59.603,0.1765,12.861666666666666,1.636,0.521,3.47265,2,1,medium,40
2023-01-31,4.215999999999999,52.653,0.0,14.931666666666668,1.64,0.5205,4.03155,2,1,medium,40
2023-02-01,4.2155000000000005,50.426,0.03,15.436666666666667,1.187,0.5195000000000001,4.1679,2,1,medium,40
2023-02-02,3.6275,46.16,0.0325,16.338333333333335,1.644,0.5185000000000001,4.41135,2,1,medium,40
2023-02-03,4.098,51.258500000000005,0.0485,15.968333333333334,1.701,0.518,4.31145,2,1,medium,40
2023-02-04,5.295,50.8865,0.0025,15.996666666666668,1.478,0.517,4.3191,2,1,medium,40
2023-02-05,5.811999999999999,48.407,0.0015,13.726666666666668,1.559,0.517,3.7062,2,1,medium,40
2023-02-06,6.2285,51.328,0.023,16.721666666666668,1.3030000000000002,0.5155000000000001,4.51485,2,1,medium,40
2023-02-07,5.4485,65.083,0.5015,13.308333333333332,1.175,0.514,3.59325,2,1,medium,40
2023-02-08,5.84,66.80199999999999,0.1585,14.883333333333333,1.6265,0.514,4.0185,2,1,medium,40
2023-02-09,7.6,49.2255,0.01,16.926666666666666,1.516,0.5135,4.5702,2,1,medium,40
2023-02-10,6.241,59.843,0.29,7.451666666666667,3.1025,0.5125,2.01195,2,1,medium,40
2023-02-11,7.422499999999999,66.9075,0.2905,15.221666666666666,2.1535,0.5125,4.10985,2,1,medium,40
2023-02-12,8.257000000000001,62.1615,0.017,16.413333333333334,1.533,0.512,4.4316,2,1,medium,40
2023-02-13,9.2555,60.605,0.4295,12.771666666666668,2.0485,0.51,3.44835,2,1,medium,40
2023-02-14,8.2285,79.49199999999999,2.725,7.715,2.5075,0.513,2.08305,0,0,none,0
2023-02-15,7.480500000000001,74.49199999999999,3.129,12.276666666666666,2.353,0.514,3.3147,0,0,none,0
2023-02-16,6.2475000000000005,78.551,3.9085,8.283333333333333,2.6595,0.5175,2.2365,0,0,none,0
2023-02-17,6.7125,76.1405,6.388,4.89,3.751,0.5225,1.3202999999999998,0,0,none,0
2023-02-18,8.5915,66.651,0.8870000000000001,14.268333333333333,3.5545,0.527,3.85245,0,0,none,0
2023-02-19,9.074,60.468500000000006,0.0699999999999999,14.463333333333331,3.0325,0.5285,3.9051,2,1,medium,40
2023-02-20,10.813,66.136,0.2385,15.703333333333331,2.6,0.5285,4.2399,2,1,medium,40
2023-02-21,11.475,61.172,0.381,15.13,1.9165,0.5275000000000001,4.0851,2,1,medium,40
2023-02-22,11.4695,67.286,0.141,16.596666666666668,1.5085,0.5255,4.4811000000000005,2,1,medium,40
2023-02-23,10.511,71.0485,2.238,12.388333333333334,2.006,0.5245,3.34485,2,1,medium,40
2023-02-24,5.708,76.9945,5.5585,8.038333333333334,3.1265,0.5335,2.17035,0,0,none,0
2023-02-25,4.6705,76.5035,1.6055,11.845,3.531,0.5335,3.19815,0,0,none,0
2023-02-26,5.939,88.26,19.4935,10.223333333333333,3.716,0.546,2.7602999999999995,0,0,none,0
2023-02-27,6.8870000000000005,81.001,5.703,14.003333333333332,3.796,0.5665,3.7809,0,0,none,0
2023-02-28,7.236499999999999,81.1015,5.5055,12.155,3.403,0.5675,3.2818500000000004,0,0,none,0
2023-03-01,7.937,74.28,1.402,16.801666666666666,3.111,0.5735,4.53645,0,0,none,0
2023-03-02,7.922499999999999,81.54650000000001,1.387,9.926666666666668,2.893,0.5725,2.6802,0,0,none,0
2023-03-03,9.9665,79.27250000000001,0.7275,13.553333333333336,1.616,0.5725,3.6594,2,1,medium,40
2023-03-04,10.7085,67.703,0.03,17.826666666666664,1.4065,0.571,4.813199999999999,2,1,medium,40
2023-03-05,11.5505,61.8615,0.005,18.76,1.754,0.5700000000000001,5.0652,1,1,low,20
2023-03-06,11.819,61.03,0.047,20.141666666666666,1.9405,0.5675,5.438249999999999,1,1,low,20
2023-03-07,12.48,67.5155,0.03,20.06,1.6649999999999998,0.5655,5.416199999999999,1,1,low,20
2023-03-08,14.018,59.5805,0.0099999999999999,21.313333333333333,1.5885,0.564,5.7546,1,1,low,20
2023-03-09,13.636500000000002,66.2795,0.0035,17.576666666666668,1.736,0.5605,4.7457,2,1,medium,40
2023-03-10,15.0325,58.9675,0.008,22.09166666666667,1.42,0.5585,5.96475,1,1,low,20
2023-03-11,16.242,45.139,0.0015,22.9,1.7645,0.557,6.183,1,1,low,20
2023-03-12,17.2085,38.47,0.0,22.83833333333333,1.3915000000000002,0.5535,6.16635,1,1,low,20
2023-03-13,15.558000000000002,43.666,0.002,21.645,1.9455,0.5509999999999999,5.84415,1,1,low,20
2023-03-14,14.7945,46.6865,0.006,21.84,1.7075,0.5485,5.8968,1,1,low,20
2023-03-15,16.451500000000003,41.6985,0.0005,22.32166666666667,1.684,0.544,6.0268500000000005,1,1,low,20
2023-03-16,16.3245,42.9615,0.004,23.383333333333336,2.1185,0.5425,6.3135,1,1,low,20
2023-03-17,12.8155,66.4195,0.2565,15.943333333333332,1.6395,0.541,4.3047,2,1,medium,40
2023-03-18,10.4055,70.0965,0.044,16.5,2.244,0.54,4.455,2,1,medium,40
2023-03-19,9.8775,65.2335,0.0084999999999999,23.396666666666665,2.484,0.537,6.3171,1,1,low,20
2023-03-20,11.061,56.251,0.0,24.12,1.701,0.5349999999999999,6.5124,1,1,low,20
2023-03-21,13.1925,48.986,0.0,24.12833333333333,1.528,0.533,6.5146500000000005,1,1,low,20
2023-03-22,14.992,46.352,0.0015,23.521666666666665,1.6625,0.5305,6.350849999999999,1,1,low,20
2023-03-23,15.975,45.560500000000005,0.002,23.355,1.8255,0.5275000000000001,6.30585,1,1,low,20
2023-03-24,15.7345,44.216,0.0145,24.736666666666668,1.8095,0.525,6.6789000000000005,1,1,low,20
2023-03-25,16.904500000000002,41.318,0.0085,24.651666666666667,1.703,0.5225,6.65595,1,1,low,20
2023-03-26,18.0625,42.3505,0.0115,23.881666666666664,1.765,0.52,6.448049999999999,1,1,low,20
2023-03-27,18.12,42.4895,0.032,23.006666666666664,1.558,0.5165,6.211799999999999,1,1,low,20
2023-03-28,18.649,44.107,0.0235,23.221666666666668,1.5865,0.514,6.26985,1,1,low,20
2023-03-29,19.4435,38.7555,0.001,24.08333333333333,1.91,0.512,6.5025,1,1,low,20
2023-03-30,18.739,36.9315,0.0015,24.235,1.9325,0.509,6.54345,1,1,low,20
2023-03-31,17.7745,38.965,0.0025,25.85166666666667,1.7675,0.5075000000000001,6.9799500000000005,1,1,low,20
2023-04-01,16.7485,43.7655,0.0065,25.46666666666667,2.2235,0.5045,6.876,1,1,low,20
2023-04-02,15.556,53.3965,0.008,26.035,2.2215,0.501,7.02945,1,1,low,20
2023-04-03,15.479,48.4825,0.0125,25.76,2.067,0.499,6.9552,1,1,low,20
2023-04-04,13.133500000000002,56.0035,1.6705,21.56833333333333,2.2255,0.498,5.823449999999999,1,1,low,20
2023-04-05,14.178999999999998,43.227,0.157,22.47833333333333,3.954,0.498,6.06915,1,1,low,20
2023-04-06,13.854,44.4095,0.05,21.69666666666667,2.5875,0.496,5.8581,1,1,low,20
2023-04-07,15.276999999999996,45.297,0.2585,24.421666666666667,1.579,0.495,6.59385,1,1,low,20
2023-04-08,14.735,52.771,1.9015,19.90333333333333,1.798,0.4945,5.373899999999999,1,1,low,20
2023-04-09,16.3805,44.228,0.0205,24.168333333333333,1.4529999999999998,0.494,6.525449999999999,1,1,low,20
2023-04-10,17.216,40.956,0.0555,26.05333333333333,1.585,0.492,7.0344,1,1,low,20
2023-04-11,17.6055,34.827,0.0,26.64,1.6375,0.4894999999999999,7.1928,1,1,low,20
2023-04-12,16.804,38.9335,0.0015,26.18166666666667,2.1085000000000003,0.487,7.06905,1,1,low,20
2023-04-13,15.0855,47.129000000000005,0.003,27.511666666666667,2.1555,0.4855,7.42815,1,1,low,20
2023-04-14,16.228,41.421,0.0,28.215,1.945,0.483,7.618049999999999,1,1,low,20
2023-04-15,17.6225,36.1715,0.0,28.166666666666668,1.9515,0.481,7.604999999999999,1,1,low,20
2023-04-16,19.459,36.054,0.0,28.12833333333333,1.748,0.48,7.594650000000001,1,1,low,20
2023-04-17,20.3855,33.7515,0.154,25.615,1.9085,0.4775,6.916049999999999,3,1,high,60
2023-04-18,20.694,39.203500000000005,0.063,23.506666666666664,1.927,0.4745,6.346799999999999,1,1,low,20
2023-04-19,16.386000000000003,62.35850000000001,4.085,19.825,2.222,0.475,5.35275,1,1,low,20
2023-04-20,16.194499999999998,61.657500000000006,0.187,24.19666666666667,2.318,0.4775,6.5331,1,1,low,20
2023-04-21,15.782999999999998,58.726,0.7075,23.555,1.725,0.4765,6.359849999999999,1,1,low,20
2023-04-22,16.321,56.066,0.2009999999999999,25.315,1.6469999999999998,0.476,6.835049999999999,1,1,low,20
2023-04-23,17.905,54.465,0.2265,24.611666666666665,2.005,0.475,6.645149999999999,1,1,low,20
2023-04-24,20.137,41.6465,0.004,27.19666666666667,1.9455,0.4725,7.3431,1,1,low,20
2023-04-25,22.1345,31.5145,0.0279999999999999,28.04833333333333,1.6555,0.4715,7.573049999999999,3,1,high,60
2023-04-26,23.394,30.554,0.0135,26.031666666666663,1.6855,0.469,7.02855,3,1,high,60
2023-04-27,24.4805,32.870999999999995,0.003,25.58,1.9645,0.4655,6.906599999999999,3,1,high,60
2023-04-28,24.664,32.6025,0.0174999999999999,24.421666666666667,2.1115,0.4645,6.59385,3,1,high,60
2023-04-29,22.448500000000003,41.7965,0.059,25.37833333333333,2.1155,0.4629999999999999,6.85215,3,1,high,60
2023-04-30,20.0425,46.4205,0.0829999999999999,19.831666666666667,2.1870000000000003,0.462,5.354550000000001,1,1,low,20
2023-05-01,19.943,42.0835,0.0945,28.866666666666664,1.7895,0.4589999999999999,7.794,3,1,high,60
2023-05-02,22.6525,35.614,0.114,26.145,2.283,0.458,7.05915,3,1,high,60
2023-05-03,22.9305,37.6315,3.139,22.846666666666664,2.346,0.457,6.168599999999999,3,1,high,60
2023-05-04,20.4275,49.409000000000006,6.328,21.75333333333333,2.1795,0.462,5.873399999999999,1,1,low,20
2023-05-05,19.6825,55.035,1.365,26.59166666666667,2.525,0.4684999999999999,7.17975,1,1,low,20
2023-05-06,17.491999999999997,59.637,0.0284999999999999,26.445000000000004,2.314,0.4674999999999999,7.14015,1,1,low,20
2023-05-07,18.8505,48.662,0.0104999999999999,29.691666666666663,2.2865,0.4669999999999999,8.01675,1,1,low,20
2023-05-08,21.519,40.2695,0.001,29.991666666666664,2.0315000000000003,0.4634999999999999,8.09775,3,1,high,60
2023-05-09,22.785500000000003,35.8075,0.0015,29.69333333333333,2.092,0.4615,8.017199999999999,3,1,high,60
2023-05-10,22.6275,37.516000000000005,0.001,29.83833333333333,2.2085,0.4604999999999999,8.05635,3,1,high,60
2023-05-11,20.9205,40.8135,0.0015,29.05,2.2545,0.4585,7.843500000000001,3,1,high,60
2023-05-12,19.841,45.2575,0.002,28.743333333333336,2.4505,0.457,7.7607,3,1,high,60
2023-05-13,16.804,47.6185,0.011,29.786666666666665,3.1115,0.457,8.042399999999999,3,1,high,60
2023-05-14,15.7015,45.459,0.008,31.18,2.744,0.4545,8.4186,3,1,high,60
2023-05-15,17.383,32.241,0.0,31.255,2.1005,0.453,8.43885,3,1,high,60
2023-05-16,18.3135,35.425,0.962,25.161666666666665,2.047,0.45,6.79365,3,1,high,60
2023-05-17,13.714,69.80449999999999,12.77,12.393333333333333,2.885,0.4644999999999999,3.3462,0,0,none,0
2023-05-18,10.893,76.389,11.4065,11.38,2.2165,0.4785,3.0726,0,0,none,0
2023-05-19,12.7015,64.30199999999999,2.5215,19.91333333333333,2.405,0.487,5.3766,1,1,low,20
2023-05-20,14.68,55.7195,0.6885,26.34166666666667,2.3815,0.4865,7.11225,1,1,low,20
2023-05-21,12.4575,66.5145,3.9815,13.378333333333332,3.042,0.4875,3.61215,0,0,none,0
2023-05-22,11.9155,65.9045,1.4095,22.11,2.7845,0.4905,5.9697,1,1,low,20
2023-05-23,13.0535,66.8485,2.0495,20.691666666666663,2.25,0.49,5.58675,1,1,low,20
2023-05-24,15.011500000000002,63.104,0.5974999999999999,26.935,2.0195,0.4905,7.27245,1,1,low,20
2023-05-25,17.452,56.613,0.1185,28.57333333333333,1.859,0.4875,7.714799999999999,1,1,low,20
2023-05-26,18.3705,53.459,0.8305,26.30666666666667,2.281,0.4865,7.1028,1,1,low,20
2023-05-27,16.073500000000003,68.414,3.0755,14.258333333333333,2.2945,0.486,3.84975,2,1,medium,40
2023-05-28,15.3175,68.649,2.273,18.316666666666663,2.447,0.488,4.9455,1,1,low,20
2023-05-29,15.22,64.60900000000001,6.9895,20.136666666666667,2.215,0.49,5.4369,0,0,none,0
2023-05-30,15.538,62.9745,0.465,26.92,2.185,0.498,7.2684,1,1,low,20
2023-05-31,17.7695,56.49400000000001,1.223,27.49833333333333,1.948,0.4945,7.42455,1,1,low,20
2023-06-01,18.1505,62.174,2.526,22.723333333333333,2.2375,0.4955,6.1353,1,1,low,20
2023-06-02,17.408,66.692,1.8085,21.315,2.131,0.497,5.755050000000001,1,1,low,20
2023-06-03,18.328,63.044,0.8695,26.331666666666667,2.276,0.496,7.1095500000000005,1,1,low,20
2023-06-04,18.130000000000003,68.064,2.5685,21.28,1.7175,0.495,5.7456000000000005,1,1,low,20
2023-06-05,19.6875,66.887,2.0885,25.895,1.6475000000000002,0.497,6.99165,1,1,low,20
2023-06-06,20.707,68.166,1.8665,18.37333333333333,2.112,0.498,4.9608,1,1,low,20
2023-06-07,22.786,56.909000000000006,0.5345000000000001,25.05666666666667,1.8645,0.497,6.7653,1,1,low,20
2023-06-08,20.6165,67.6,0.6235,21.286666666666665,2.7955,0.496,5.7474,1,1,low,20
2023-06-09,19.523,57.919500000000006,0.0425,25.765,1.9525,0.495,6.95655,1,1,low,20
2023-06-10,20.2515,61.19199999999999,0.5740000000000001,22.703333333333333,2.2715,0.4925,6.1299,1,1,low,20
2023-06-11,21.0845,60.63,0.241,28.92333333333333,2.2025,0.4895,7.809299999999999,1,1,low,20
2023-06-12,21.5215,55.095000000000006,0.25,28.646666666666665,2.4375,0.4875,7.734599999999999,1,1,low,20
2023-06-13,19.6765,57.79600000000001,0.2024999999999999,27.808333333333334,2.5185,0.487,7.508249999999999,1,1,low,20
2023-06-14,21.282,48.277,0.0689999999999999,31.263333333333332,2.2925,0.483,8.4411,1,1,low,20
2023-06-15,24.704500000000003,41.4745,0.0055,30.56833333333333,2.135,0.481,8.253449999999999,3,1,high,60
2023-06-16,27.038,34.976,0.002,29.33,1.9075,0.4785,7.919099999999999,3,1,high,60
2023-06-17,26.825,35.819,0.0085,29.145,2.422,0.474,7.86915,3,1,high,60
2023-06-18,24.201,46.1645,0.0395,28.73333333333333,2.58,0.4725,7.758,3,1,high,60
2023-06-19,22.6375,51.509,0.0305,29.44,2.465,0.471,7.9488,1,1,low,20
2023-06-20,21.706,55.061,0.6639999999999999,28.03,2.309,0.4695,7.5681,1,1,low,20
2023-06-21,22.4175,51.276,0.0615,27.621666666666663,2.085,0.4669999999999999,7.45785,1,1,low,20
2023-06-22,24.22,44.847,0.0075,30.105,2.442,0.4655,8.12835,3,1,high,60
2023-06-23,27.0775,35.4055,0.0205,29.965,2.299,0.4634999999999999,8.090549999999999,3,1,high,60
2023-06-24,28.2035,24.9995,0.0025,30.37,2.51,0.4605,8.1999,3,1,high,60
2023-06-25,29.213,23.7355,0.0,29.0,2.022,0.4589999999999999,7.83,3,1,high,60
2023-06-26,29.121,24.524,0.0395,30.416666666666668,2.422,0.4559999999999999,8.2125,3,1,high,60
2023-06-27,28.9745,24.2915,0.325,29.570000000000004,2.1025,0.4554999999999999,7.9839,3,1,high,60
2023-06-28,27.7895,29.1685,0.0025,29.445,2.131,0.453,7.950149999999999,3,1,high,60
2023-06-29,27.143,34.042,0.003,27.80333333333333,2.0435,0.4495,7.506899999999999,3,1,high,60
2023-06-30,26.541500000000003,36.197,0.001,26.805,2.0665,0.4495,7.237349999999999,3,1,high,60
2023-07-01,27.623,30.549,0.0005,27.846666666666668,2.1505,0.4485,7.5186,3,1,high,60
2023-07-02,28.3505,29.233,0.0015,29.051666666666662,2.2685,0.4469999999999999,7.843949999999999,3,1,high,60
2023-07-03,27.903,31.173,0.0015,30.405,2.2915,0.446,8.20935,3,1,high,60
2023-07-04,27.2335,31.6415,0.0,30.45833333333333,2.1575,0.4445,8.223749999999999,3,1,high,60
2023-07-05,27.786,30.334,0.0015,30.1,2.133,0.4429999999999999,8.126999999999999,3,1,high,60
2023-07-06,27.8105,27.655,0.003,30.105,2.2355,0.4425,8.12835,3,1,high,60
2023-07-07,26.253,35.708,0.0045,29.83666666666667,2.9135,0.4415,8.0559,3,1,high,60
2023-07-08,26.4335,35.466,0.0,27.936666666666667,2.98,0.441,7.542899999999999,3,1,high,60
2023-07-09,28.2155,26.3035,0.002,27.87833333333333,3.042,0.44,7.52715,3,1,high,60
2023-07-10,30.6395,19.992,0.0035,28.328333333333333,2.7915,0.4385,7.64865,3,1,high,60
2023-07-11,31.412,21.6025,0.0055,27.48333333333333,2.3445,0.438,7.4205,3,1,high,60
2023-07-12,31.5785,23.935,0.0075,26.903333333333336,2.026,0.4375,7.2639,3,1,high,60
2023-07-13,31.0575,21.9295,0.002,27.26833333333333,1.9135,0.4365,7.36245,3,1,high,60
2023-07-14,29.944,22.33,0.0045,28.383333333333336,2.2635,0.436,7.6635,3,1,high,60
2023-07-15,27.412,32.05,0.073,26.52833333333333,2.6785,0.4349999999999999,7.162649999999999,3,1,high,60
2023-07-16,28.163,23.572,0.0055,30.290000000000003,2.789,0.4349999999999999,8.1783,3,1,high,60
2023-07-17,29.5505,18.9905,0.0225,30.235,2.668,0.4345,8.16345,3,1,high,60
2023-07-18,30.184500000000003,27.1615,0.8254999999999999,24.53833333333333,2.2575,0.4335,6.625349999999999,3,1,high,60
2023-07-19,30.4715,30.2035,0.0045,27.53333333333333,2.2295000000000003,0.4335,7.433999999999999,3,1,high,60
2023-07-20,29.041500000000003,27.593,0.0,28.078333333333333,2.4465,0.433,7.58115,3,1,high,60
2023-07-21,28.0195,32.824,0.078,25.60833333333333,2.4025,0.4325,6.91425,3,1,high,60
2023-07-22,28.277,28.7175,0.009,25.363333333333333,2.5375,0.4325,6.8481,3,1,high,60
2023-07-23,29.2235,25.304,0.0005,27.58666666666667,2.369,0.4325,7.4484,3,1,high,60
2023-07-24,27.5195,33.8695,0.013,26.335,2.8120000000000003,0.432,7.110449999999999,3,1,high,60
2023-07-25,26.764,35.051,0.0035,29.271666666666665,2.353,0.432,7.90335,3,1,high,60
2023-07-26,26.826,35.9185,0.001,28.865,2.5065,0.432,7.79355,3,1,high,60
2023-07-27,26.2125,36.594,0.0035,28.085,2.7960000000000003,0.4315,7.582949999999999,3,1,high,60
2023-07-28,27.6165,33.1385,0.0015,27.44333333333333,2.7190000000000003,0.431,7.4097,3,1,high,60
2023-07-29,29.637,27.882,0.0,24.866666666666664,2.467,0.431,6.714,3,1,high,60
2023-07-30,30.52,28.4885,0.001,25.008333333333336,1.9775,0.431,6.75225,3,1,high,60
2023-07-31,30.0205,25.9865,0.0,27.508333333333336,2.3535,0.4305,7.42725,3,1,high,60
2023-08-01,28.578,25.5475,0.0015,28.846666666666664,2.318,0.4305,7.788599999999999,3,1,high,60
2023-08-02,27.7475,29.24,0.0035,29.001666666666665,2.468,0.4305,7.830449999999999,3,1,high,60
2023-08-03,26.3465,35.1115,0.0055,28.911666666666665,2.5485,0.4305,7.80615,3,1,high,60
2023-08-04,27.6025,29.494,0.0,29.161666666666665,2.3285,0.4305,7.87365,3,1,high,60
2023-08-05,31.326,19.895000000000003,0.0015,28.536666666666665,2.4685,0.4305,7.704899999999999,3,1,high,60
2023-08-06,32.7395,19.2405,0.0,24.165000000000003,2.2305,0.4305,6.5245500000000005,3,1,high,60
2023-08-07,32.0825,22.744,0.144,21.026666666666667,1.932,0.4305,5.6772,3,1,high,60
2023-08-08,32.064,23.9905,0.042,22.44,2.0135,0.4305,6.058799999999999,3,1,high,60
2023-08-09,31.8205,27.3805,0.4265,24.33,2.1165,0.4305,6.5691,3,1,high,60
2023-08-10,31.757,28.7675,1.865,25.135,2.301,0.4305,6.786449999999999,3,1,high,60
2023-08-11,31.8015,27.0045,0.5700000000000001,21.46666666666667,2.124,0.4315,5.796,3,1,high,60
2023-08-12,31.4255,22.065,0.0905,25.39833333333333,2.2535,0.4315,6.857549999999999,3,1,high,60
2023-08-13,30.9065,20.123,0.0245,26.820000000000004,1.918,0.4315,7.2414,3,1,high,60
2023-08-14,29.35,23.849,0.004,24.723333333333333,1.96,0.4309999999999999,6.6753,3,1,high,60
2023-08-15,28.988,27.966,0.071,25.46666666666667,2.259,0.4309999999999999,6.876,3,1,high,60
2023-08-16,27.8445,31.4955,0.113,25.223333333333333,2.4565,0.4309999999999999,6.8103,3,1,high,60
2023-08-17,28.006,31.1485,0.0455,24.968333333333334,2.555,0.4309999999999999,6.74145,3,1,high,60
2023-08-18,29.1595,27.6535,0.0165,23.801666666666662,2.368,0.4305,6.42645,3,1,high,60
2023-08-19,29.948,24.3855,0.288,22.835,2.063,0.4309999999999999,6.165449999999999,3,1,high,60
2023-08-20,30.6565,22.2325,0.0535,24.993333333333336,2.33,0.4309999999999999,6.7482,3,1,high,60
2023-08-21,29.6545,21.64,0.0005,27.12166666666667,2.329,0.4309999999999999,7.322850000000001,3,1,high,60
2023-08-22,30.1815,22.2755,0.041,25.601666666666663,1.7775,0.4309999999999999,6.912449999999999,3,1,high,60
2023-08-23,30.0375,27.5305,1.1949999999999998,21.973333333333333,1.8325,0.4309999999999999,5.9328,3,1,high,60
2023-08-24,29.834,29.367,0.2145,24.521666666666665,1.976,0.432,6.62085,3,1,high,60
2023-08-25,30.4375,25.710500000000003,0.05,25.81,1.9695,0.4325,6.9687,3,1,high,60
2023-08-26,28.742,26.708,0.0325,23.35,2.1295,0.4325,6.304499999999999,3,1,high,60
2023-08-27,25.3695,36.321,0.001,26.293333333333333,3.028,0.4315,7.0992,3,1,high,60
2023-08-28,24.8555,28.3615,0.0,26.83,2.3095,0.4309999999999999,7.244099999999999,3,1,high,60
2023-08-29,25.3835,28.0835,0.0849999999999999,26.375,2.508,0.4309999999999999,7.12125,3,1,high,60
2023-08-30,23.2305,37.8075,0.076,26.775,2.5015,0.4309999999999999,7.22925,3,1,high,60
2023-08-31,24.307,36.382,0.096,26.14333333333333,1.851,0.4305,7.0587,3,1,high,60
2023-09-01,24.4705,36.1895,0.0345,23.26333333333333,2.35,0.4305,6.2811,3,1,high,60
2023-09-02,19.7825,57.6225,3.0655,13.423333333333334,2.6,0.431,3.6243,2,1,medium,40
2023-09-03,18.9855,57.576,0.5505,15.948333333333332,2.797,0.4355,4.30605,2,1,medium,40
2023-09-04,20.3425,47.5545,0.0225,25.73333333333333,2.3385,0.4355,6.948,3,1,high,60
2023-09-05,21.973,45.946,0.006,20.356666666666666,2.3345,0.4349999999999999,5.496299999999999,3,1,high,60
2023-09-06,24.2125,43.014,0.003,22.34166666666667,1.9695,0.4349999999999999,6.03225,3,1,high,60
2023-09-07,25.556,38.1465,0.065,23.021666666666665,2.1285,0.434,6.21585,3,1,high,60
2023-09-08,25.2255,41.844,0.2825,23.218333333333334,2.1615,0.434,6.26895,3,1,high,60
2023-09-09,24.3055,47.2475,0.1235,23.136666666666667,2.2415,0.434,6.246899999999999,3,1,high,60
2023-09-10,23.7525,48.623000000000005,0.1155,23.738333333333333,2.3785,0.433,6.40935,3,1,high,60
2023-09-11,23.1355,48.0055,0.0455,23.828333333333333,2.822,0.433,6.43365,3,1,high,60
2023-09-12,21.765,49.2795,0.1875,22.536666666666665,2.3805,0.4325,6.084899999999999,3,1,high,60
2023-09-13,22.447,45.011,0.1295,23.78833333333333,2.5575,0.433,6.42285,3,1,high,60
2023-09-14,21.536,54.529,2.274,13.8,2.698,0.433,3.726,2,1,medium,40
2023-09-15,22.1125,53.833000000000006,0.107,21.058333333333334,2.88,0.436,5.68575,3,1,high,60
2023-09-16,22.126,48.3315,0.0209999999999999,22.041666666666668,3.0705,0.4349999999999999,5.95125,3,1,high,60
2023-09-17,20.442500000000003,55.349,1.0865,15.12,2.6965,0.434,4.0824,2,1,medium,40
2023-09-18,20.7155,57.06699999999999,0.066,20.741666666666667,2.263,0.436,5.60025,3,1,high,60
2023-09-19,20.512,57.063,2.637,18.635,2.252,0.436,5.03145,1,1,low,20
2023-09-20,20.2025,52.64,0.0349999999999999,22.891666666666666,1.9525,0.4385,6.18075,3,1,high,60
2023-09-21,19.7105,46.813,0.006,23.456666666666667,1.966,0.438,6.3333,3,1,high,60
2023-09-22,19.853,49.495,0.047,21.92833333333333,1.987,0.4375,5.920649999999999,3,1,high,60
2023-09-23,21.803,43.723,0.001,23.05333333333333,1.9225,0.4365,6.224399999999999,3,1,high,60
2023-09-24,23.867,27.934500000000003,0.0,23.17,1.839,0.4349999999999999,6.2559000000000005,3,1,high,60
2023-09-25,24.3885,31.0505,0.0015,22.33666666666667,1.9365,0.4349999999999999,6.0309,3,1,high,60
2023-09-26,23.365,41.0745,0.004,21.605,1.8215,0.434,5.833349999999999,3,1,high,60
2023-09-27,23.029,43.3095,0.001,21.925,1.953,0.4325,5.9197500000000005,3,1,high,60
2023-09-28,24.204,31.503000000000004,0.0104999999999999,22.118333333333336,1.6225,0.4325,5.9719500000000005,3,1,high,60
2023-09-29,24.542,27.092,0.0025,22.081666666666667,1.785,0.432,5.9620500000000005,3,1,high,60
2023-09-30,24.9305,22.143,0.001,22.046666666666667,1.552,0.432,5.9526,3,1,high,60
2023-10-01,24.6095,20.6715,0.004,21.875,1.6115000000000002,0.432,5.90625,3,1,high,60
2023-10-02,24.5165,24.6185,0.0085,21.16,1.749,0.432,5.7132000000000005,3,1,high,60
2023-10-03,24.5025,26.8,0.0035,20.25,1.6465,0.432,5.467499999999999,3,1,high,60
2023-10-04,23.857,26.4565,0.0075,20.933333333333334,1.7385000000000002,0.432,5.651999999999999,3,1,high,60
2023-10-05,23.1105,29.892000000000003,0.007,19.55333333333333,1.938,0.4315,5.2794,3,1,high,60
2023-10-06,23.013,25.3825,0.003,18.726666666666667,1.738,0.4315,5.0562,3,1,high,60
2023-10-07,22.3585,22.9965,0.0045,17.345,1.8295,0.4315,4.68315,3,1,high,60
2023-10-08,22.341,23.539,0.0005,19.571666666666665,1.6925,0.4315,5.28435,3,1,high,60
2023-10-09,22.184,23.3065,0.0015,20.445,1.7375,0.4315,5.52015,3,1,high,60
2023-10-10,21.867,27.3935,0.0035,19.723333333333333,1.9215,0.4315,5.3253,3,1,high,60
2023-10-11,21.47,34.161,0.0215,18.461666666666662,1.5455,0.4315,4.984649999999999,3,1,high,60
2023-10-12,21.528,33.514,0.0035,19.116666666666667,1.5764999999999998,0.4315,5.1615,3,1,high,60
2023-10-13,20.824,32.7245,0.0,18.593333333333334,1.7995,0.431,5.0202,3,1,high,60
2023-10-14,18.7705,39.127,0.0055,10.69,1.843,0.431,2.8863,2,1,medium,40
2023-10-15,18.926,45.9695,0.006,14.145,1.6649999999999998,0.431,3.81915,2,1,medium,40
2023-10-16,20.0575,47.5965,0.0349999999999999,16.313333333333336,1.75,0.431,4.404600000000001,2,1,medium,40
2023-10-17,20.173,47.9125,0.0225,14.888333333333334,2.428,0.431,4.01985,2,1,medium,40
2023-10-18,19.079,54.6265,0.1014999999999999,18.461666666666662,2.4275,0.4305,4.984649999999999,3,1,high,60
2023-10-19,17.6315,53.4705,5.0945,17.165000000000003,4.000500000000001,0.4305,4.63455,0,0,none,0
2023-10-20,13.8355,71.34049999999999,18.43,14.008333333333333,3.9275,0.462,3.78225,0,0,none,0
2023-10-21,14.34,65.7515,0.1689999999999999,15.883333333333333,1.621,0.465,4.2885,2,1,medium,40
2023-10-22,16.341,61.702,2.341,16.37,3.7805,0.4639999999999999,4.4199,0,0,none,0
2023-10-23,14.2825,79.3275,8.7125,9.473333333333334,2.567,0.4705,2.5578,0,0,none,0
2023-10-24,13.2995,67.352,0.223,17.588333333333335,1.483,0.478,4.74885,2,1,medium,40
2023-10-25,15.053,53.203,0.044,18.42833333333333,1.373,0.4765,4.97565,2,1,medium,40
2023-10-26,16.2495,50.9795,0.09,18.168333333333333,1.921,0.475,4.905449999999999,2,1,medium,40
2023-10-27,15.4275,71.5835,0.6755,12.163333333333334,1.8315,0.474,3.2841,2,1,medium,40
2023-10-28,15.6855,76.322,1.8835,12.081666666666663,1.438,0.475,3.2620499999999995,2,1,medium,40
2023-10-29,15.5865,66.92949999999999,0.2415,14.953333333333331,1.6655000000000002,0.475,4.0374,2,1,medium,40
2023-10-30,15.1585,64.32849999999999,2.0705,9.498333333333331,2.0385,0.4745,2.56455,2,1,medium,40
2023-10-31,18.0015,53.8375,0.0185,10.235,2.5035,0.475,2.76345,2,1,medium,40
2023-11-01,16.7975,64.412,0.0445,15.168333333333337,1.6774999999999998,0.474,4.0954500000000005,2,1,medium,40
2023-11-02,15.8275,63.596500000000006,0.1385,15.97,2.7575,0.472,4.3119,2,1,medium,40
2023-11-03,14.2195,71.2575,0.9625,12.838333333333331,2.585,0.4725,3.46635,2,1,medium,40
2023-11-04,15.201,59.151,0.0065,16.84,1.831,0.472,4.546799999999999,2,1,medium,40
2023-11-05,14.5995,63.4275,0.4195,14.893333333333333,1.7385000000000002,0.471,4.021199999999999,2,1,medium,40
2023-11-06,12.079,76.5,1.6885,9.026666666666666,2.369,0.4705,2.4372,2,1,medium,40
2023-11-07,9.6545,62.258,0.075,15.836666666666666,3.2505,0.471,4.2759,2,1,medium,40
2023-11-08,11.1585,45.2695,0.0,16.036666666666665,1.7065,0.4705,4.329899999999999,2,1,medium,40
2023-11-09,13.9225,45.289,0.001,15.178333333333333,1.513,0.47,4.09815,2,1,medium,40
2023-11-10,15.258500000000002,58.148,0.0055,15.111666666666666,1.4815,0.4684999999999999,4.08015,2,1,medium,40
2023-11-11,16.7085,57.001,0.0,15.816666666666668,1.3815,0.4674999999999999,4.2705,2,1,medium,40
2023-11-12,17.9845,47.306,0.001,14.235,1.402,0.465,3.84345,2,1,medium,40
2023-11-13,18.593,46.565,0.0015,13.206666666666663,1.2245,0.4639999999999999,3.5658,2,1,medium,40
2023-11-14,18.3875,46.169,0.006,14.79,1.2955,0.4634999999999999,3.9933,2,1,medium,40
2023-11-15,17.685,44.427,0.008,15.043333333333337,1.2535,0.462,4.0617,2,1,medium,40
2023-11-16,17.017,43.074,0.0125,15.023333333333332,1.2745000000000002,0.4615,4.0563,2,1,medium,40
2023-11-17,17.017500000000002,37.438,0.0,14.94,1.228,0.4604999999999999,4.0338,2,1,medium,40
2023-11-18,16.6115,36.863,0.0,14.758333333333333,1.401,0.458,3.98475,2,1,medium,40
2023-11-19,15.259,37.975,0.0005,14.531666666666666,1.6885,0.457,3.92355,2,1,medium,40
2023-11-20,14.029500000000002,42.751,0.0065,14.48,1.91,0.4559999999999999,3.9096,2,1,medium,40
2023-11-21,12.742,50.0805,0.076,13.423333333333334,2.447,0.4545,3.6243,2,1,medium,40
2023-11-22,10.123,68.12899999999999,0.0804999999999999,13.825,2.481,0.454,3.73275,2,1,medium,40
2023-11-23,8.7285,53.7235,0.0025,14.443333333333332,1.487,0.454,3.8997,2,1,medium,40
2023-11-24,9.021,47.5265,0.0,14.615,1.5055,0.454,3.94605,2,1,medium,40
2023-11-25,9.522,49.0555,0.0,10.645,0.9485,0.454,2.87415,2,1,medium,40
2023-11-26,10.251,42.872,0.0,14.213333333333331,1.149,0.4535,3.8376,2,1,medium,40
2023-11-27,10.6935,49.2525,0.0045,13.756666666666668,1.6309999999999998,0.4514999999999999,3.7143,2,1,medium,40
2023-11-28,10.613499999999998,54.1965,0.018,13.03,1.353,0.4505,3.5181,2,1,medium,40
2023-11-29,10.8785,49.6195,0.0344999999999999,13.475,1.3255,0.4495,3.63825,2,1,medium,40
2023-11-30,11.379,43.8795,0.004,12.411666666666669,1.632,0.449,3.35115,2,1,medium,40
2023-12-01,10.954,56.3625,4.7195,8.166666666666666,2.524,0.4495,2.205,0,0,none,0
2023-12-02,8.6595,75.568,1.837,11.39,1.8060000000000005,0.4585,3.0753,2,1,medium,40
2023-12-03,9.829,52.166,0.003,13.568333333333332,1.491,0.4575,3.66345,2,1,medium,40
2023-12-04,11.1405,46.901,0.0,13.038333333333334,1.7115000000000002,0.457,3.52035,2,1,medium,40
2023-12-05,11.194,57.64149999999999,0.349,6.005,1.6805,0.4559999999999999,1.62135,2,1,medium,40
2023-12-06,10.6805,75.3105,3.319,9.146666666666668,2.9905,0.461,2.4696,0,0,none,0
2023-12-07,12.8255,58.1845,0.0705,10.55,1.4465,0.4599999999999999,2.8485,2,1,medium,40
2023-12-08,12.7205,58.0155,0.033,12.003333333333332,1.5605,0.4599999999999999,3.2409,2,1,medium,40
2023-12-09,13.575,61.8925,0.0025,10.566666666666666,2.0715,0.4594999999999999,2.853,2,1,medium,40
2023-12-10,16.196,51.5805,0.0,12.808333333333332,1.263,0.457,3.45825,2,1,medium,40
2023-12-11,16.307499999999997,45.7725,0.0,11.86,1.3555,0.4564999999999999,3.2022,2,1,medium,40
2023-12-12,15.0765,49.4995,0.0075,10.425,1.543,0.4554999999999999,2.81475,2,1,medium,40
2023-12-13,11.033,70.128,0.5455,11.996666666666668,2.3205,0.4549999999999999,3.2391,2,1,medium,40
2023-12-14,8.4925,58.316,0.0445,13.635,1.896,0.4549999999999999,3.68145,2,1,medium,40
2023-12-15,9.298,42.3645,0.0,13.278333333333334,1.4994999999999998,0.4545,3.58515,2,1,medium,40
2023-12-16,8.813500000000001,41.2475,0.0,13.448333333333332,1.7065,0.4525,3.63105,2,1,medium,40
2023-12-17,7.5655,42.565,0.002,13.468333333333334,1.787,0.4525,3.63645,2,1,medium,40
2023-12-18,5.991,52.74,0.0339999999999999,13.211666666666666,1.7365000000000002,0.4519999999999999,3.56715,2,1,medium,40
2023-12-19,5.9095,48.9705,0.0275,13.3,1.3865,0.4514999999999999,3.591,2,1,medium,40
2023-12-20,6.436,48.7915,0.071,13.281666666666666,1.6555,0.4514999999999999,3.58605,2,1,medium,40
2023-12-21,7.1625,50.087,0.2085,12.625,1.3015,0.4514999999999999,3.40875,2,1,medium,40
2023-12-22,8.286,39.791,0.0015,13.128333333333332,1.2145,0.4509999999999999,3.54465,2,1,medium,40
2023-12-23,9.0825,36.721,0.0005,13.26,1.188,0.4509999999999999,3.5802,2,1,medium,40
2023-12-24,9.2765,31.095,0.0035,12.206666666666663,1.2375,0.45,3.2958,2,1,medium,40
2023-12-25,9.2755,30.9275,0.006,13.088333333333331,1.3119999999999998,0.4495,3.53385,2,1,medium,40
2023-12-26,7.843999999999999,45.147000000000006,0.03,12.568333333333332,1.2995,0.449,3.39345,2,1,medium,40
2023-12-27,7.801,50.7845,0.0,12.79,1.1635,0.449,3.4533,2,1,medium,40
2023-12-28,9.993,32.92,0.0,10.978333333333332,1.286,0.4485,2.96415,2,1,medium,40
2023-12-29,10.6765,27.483,0.0,10.856666666666667,1.661,0.4485,2.9313,2,1,medium,40
2023-12-30,9.5425,29.561,0.0,11.763333333333334,1.703,0.4474999999999999,3.1761,2,1,medium,40
2023-12-31,9.244,31.07,0.0,11.258333333333333,1.275,0.4469999999999999,3.03975,2,1,medium,40
